-- Development-only identity and instrument master data transformed from the legacy rich seed.

INSERT INTO authentication.instance_config
    (allow_local_auth, allow_oidc_auth)
VALUES
    (true, false)
ON CONFLICT DO NOTHING;

INSERT INTO authentication.users
    (id, email, display_name, role, active, created_at, updated_at)
VALUES
    ('22222222-2222-2222-2222-222222222222', 'dev@example.com', 'Dev User', 'admin', true, '2026-06-10T10:33:13.867Z', '2026-06-11T20:02:15.750Z')
ON CONFLICT DO NOTHING;

INSERT INTO authentication.local_credentials
    (user_id, password_hash, password_updated_at, failed_attempts, locked_until, reset_token_hash, reset_token_expires_at)
VALUES
    ('22222222-2222-2222-2222-222222222222', '$argon2id$v=19$m=65536,t=3,p=4$bbjIffq6hF4+igyg0E4ndA$vum7VqMoLAYwR7KZkFJfUk8D0l1CyAhlORXj+Nhn0WQ', '2026-06-11T05:52:51.707Z', 0, NULL, NULL, NULL)
ON CONFLICT DO NOTHING;

INSERT INTO authentication.user_preferences
    (user_id, reporting_currency, avatar_color, updated_at)
VALUES
    ('22222222-2222-2222-2222-222222222222', 'EUR', 'sky', '2026-06-11T20:02:15.739Z')
ON CONFLICT DO NOTHING;

INSERT INTO instruments.exchanges
    (id, mic, name, timezone, regular_open_local, regular_close_local)
VALUES
    ('30000000-0000-4000-8000-000000000002', 'XNYS', 'New York Stock Exchange', 'America/New_York', '09:30', '16:00'),
    ('30000000-0000-4000-8000-000000000001', 'XNAS', 'Nasdaq', 'America/New_York', '09:30', '16:00'),
    ('30000000-0000-4000-8000-000000000005', 'XASX', 'Australian Securities Exchange', 'Australia/Sydney', '10:00', '16:00'),
    ('30000000-0000-4000-8000-000000000003', 'XASE', 'NYSE American', 'America/New_York', '09:30', '16:00'),
    ('30000000-0000-4000-8000-000000000004', 'XETR', 'Xetra', 'Europe/Berlin', '09:00', '17:30')
ON CONFLICT DO NOTHING;

-- CSV-derived instrument master data. Only mapped German-exchange symbols provided by the user are seeded.

INSERT INTO instruments.instruments
    (id, name, asset_type, isin, underlying_identifier, created_at, updated_at)
VALUES
    ('a0000000-0000-4000-8000-000000000000', 'Canopy Growth', 'equity', 'CA1380357048', 'CA1380357048', '2026-06-12T00:00:00.000Z', '2026-06-12T00:00:00.000Z'),
    ('a0000000-0000-4000-8000-000000000001', 'Palantir Technologies', 'equity', 'US69608A1088', 'US69608A1088', '2026-06-12T00:00:00.000Z', '2026-06-12T00:00:00.000Z'),
    ('a0000000-0000-4000-8000-000000000002', 'Arbor Metals Corp', 'equity', 'CA03880B1040', 'CA03880B1040', '2026-06-12T00:00:00.000Z', '2026-06-12T00:00:00.000Z'),
    ('a0000000-0000-4000-8000-000000000003', 'Teladoc Health Inc', 'equity', 'US87918A1051', 'US87918A1051', '2026-06-12T00:00:00.000Z', '2026-06-12T00:00:00.000Z'),
    ('a0000000-0000-4000-8000-000000000004', 'Tilray Brands Inc', 'equity', 'US88688T1007', 'US88688T1007', '2026-06-12T00:00:00.000Z', '2026-06-12T00:00:00.000Z'),
    ('a0000000-0000-4000-8000-000000000005', 'Xpeng Inc', 'equity', 'KYG982AW1003', 'KYG982AW1003', '2026-06-12T00:00:00.000Z', '2026-06-12T00:00:00.000Z'),
    ('a0000000-0000-4000-8000-000000000006', 'SynBiotic SE', 'equity', 'DE000A3E5A59', 'DE000A3E5A59', '2026-06-12T00:00:00.000Z', '2026-06-12T00:00:00.000Z'),
    ('a0000000-0000-4000-8000-000000000007', 'Warner Bros Discovery', 'equity', 'US9344231041', 'US9344231041', '2026-06-12T00:00:00.000Z', '2026-06-12T00:00:00.000Z'),
    ('a0000000-0000-4000-8000-000000000008', 'Ocugen Inc', 'equity', 'US67577C1053', 'US67577C1053', '2026-06-12T00:00:00.000Z', '2026-06-12T00:00:00.000Z'),
    ('a0000000-0000-4000-8000-000000000009', 'Virgin Galactic Holdings Inc', 'equity', 'US92766K4031', 'US92766K4031', '2026-06-12T00:00:00.000Z', '2026-06-12T00:00:00.000Z'),
    ('a0000000-0000-4000-8000-00000000000a', 'Intel Corp', 'equity', 'US4581401001', 'US4581401001', '2026-06-12T00:00:00.000Z', '2026-06-12T00:00:00.000Z'),
    ('a0000000-0000-4000-8000-00000000000b', 'Advanced Micro Devices', 'equity', 'US0079031078', 'US0079031078', '2026-06-12T00:00:00.000Z', '2026-06-12T00:00:00.000Z'),
    ('a0000000-0000-4000-8000-00000000000c', 'Mercedes Benz Group', 'equity', 'DE0007100000', 'DE0007100000', '2026-06-12T00:00:00.000Z', '2026-06-12T00:00:00.000Z'),
    ('a0000000-0000-4000-8000-00000000000d', 'iShares Core MSCI EM IMI UCITS ETF', 'fund', 'IE00BKM4GZ66', 'IE00BKM4GZ66', '2026-06-12T00:00:00.000Z', '2026-06-12T00:00:00.000Z'),
    ('a0000000-0000-4000-8000-00000000000e', 'iShares Core MSCI World UCITS ETF', 'fund', 'IE00B4L5Y983', 'IE00B4L5Y983', '2026-06-12T00:00:00.000Z', '2026-06-12T00:00:00.000Z'),
    ('a0000000-0000-4000-8000-00000000000f', 'Haier Smart Home Co. Ltd.', 'equity', 'CNE1000031C1', 'CNE1000031C1', '2026-06-12T00:00:00.000Z', '2026-06-12T00:00:00.000Z'),
    ('a0000000-0000-4000-8000-000000000010', 'PayPal Holdings Inc', 'equity', 'US70450Y1038', 'US70450Y1038', '2026-06-12T00:00:00.000Z', '2026-06-12T00:00:00.000Z'),
    ('a0000000-0000-4000-8000-000000000011', 'BYD', 'equity', 'CNE100000296', 'CNE100000296', '2026-06-12T00:00:00.000Z', '2026-06-12T00:00:00.000Z'),
    ('a0000000-0000-4000-8000-000000000012', 'Lumen Technologies Inc', 'equity', 'US5502411037', 'US5502411037', '2026-06-12T00:00:00.000Z', '2026-06-12T00:00:00.000Z'),
    ('a0000000-0000-4000-8000-000000000013', 'Prada SpA', 'equity', 'IT0003874101', 'IT0003874101', '2026-06-12T00:00:00.000Z', '2026-06-12T00:00:00.000Z'),
    ('a0000000-0000-4000-8000-000000000014', 'Trade Desk Inc', 'equity', 'US88339J1051', 'US88339J1051', '2026-06-12T00:00:00.000Z', '2026-06-12T00:00:00.000Z'),
    ('a0000000-0000-4000-8000-000000000015', 'Nokia', 'equity', 'FI0009000681', 'FI0009000681', '2026-06-12T00:00:00.000Z', '2026-06-12T00:00:00.000Z'),
    ('a0000000-0000-4000-8000-000000000016', 'IREN', 'equity', 'AU0000185993', 'AU0000185993', '2026-06-12T00:00:00.000Z', '2026-06-12T00:00:00.000Z'),
    ('a0000000-0000-4000-8000-000000000017', 'Grab Holdings', 'equity', 'KYG4124C1096', 'KYG4124C1096', '2026-06-12T00:00:00.000Z', '2026-06-12T00:00:00.000Z'),
    ('a0000000-0000-4000-8000-000000000018', 'Vici Properties', 'equity', 'US9256521090', 'US9256521090', '2026-06-12T00:00:00.000Z', '2026-06-12T00:00:00.000Z'),
    ('a0000000-0000-4000-8000-000000000019', 'Opendoor Technologies', 'equity', 'US6837121036', 'US6837121036', '2026-06-12T00:00:00.000Z', '2026-06-12T00:00:00.000Z'),
    ('a0000000-0000-4000-8000-00000000001a', 'One Stop Systems', 'equity', 'US68247W1099', 'US68247W1099', '2026-06-12T00:00:00.000Z', '2026-06-12T00:00:00.000Z'),
    ('a0000000-0000-4000-8000-00000000001b', 'Ubisoft', 'equity', 'FR0000054470', 'FR0000054470', '2026-06-12T00:00:00.000Z', '2026-06-12T00:00:00.000Z'),
    ('a0000000-0000-4000-8000-00000000001c', 'Puma', 'equity', 'DE0006969603', 'DE0006969603', '2026-06-12T00:00:00.000Z', '2026-06-12T00:00:00.000Z'),
    ('a0000000-0000-4000-8000-00000000001d', 'Copper USD', 'fund', 'GB00B15KXQ89', 'GB00B15KXQ89', '2026-06-12T00:00:00.000Z', '2026-06-12T00:00:00.000Z'),
    ('a0000000-0000-4000-8000-00000000001e', 'Unity Software', 'equity', 'US91332U1016', 'US91332U1016', '2026-06-12T00:00:00.000Z', '2026-06-12T00:00:00.000Z'),
    ('a0000000-0000-4000-8000-00000000001f', 'Figma', 'equity', 'US3168411052', 'US3168411052', '2026-06-12T00:00:00.000Z', '2026-06-12T00:00:00.000Z'),
    ('a0000000-0000-4000-8000-000000000020', 'MPC Container Ships', 'equity', 'NO0010791353', 'NO0010791353', '2026-06-12T00:00:00.000Z', '2026-06-12T00:00:00.000Z'),
    ('a0000000-0000-4000-8000-000000000021', 'Immunity Bio', 'equity', 'US45256X1037', 'US45256X1037', '2026-06-12T00:00:00.000Z', '2026-06-12T00:00:00.000Z'),
    ('a0000000-0000-4000-8000-000000000022', 'Nebius Group', 'equity', 'NL0009805522', 'NL0009805522', '2026-06-12T00:00:00.000Z', '2026-06-12T00:00:00.000Z'),
    ('a0000000-0000-4000-8000-000000000023', 'Carl Zeiss Meditec', 'equity', 'DE0005313704', 'DE0005313704', '2026-06-12T00:00:00.000Z', '2026-06-12T00:00:00.000Z'),
    ('a0000000-0000-4000-8000-000000000024', 'Birkenstock', 'equity', 'JE00BS44BN30', 'JE00BS44BN30', '2026-06-12T00:00:00.000Z', '2026-06-12T00:00:00.000Z'),
    ('a0000000-0000-4000-8000-000000000025', 'FMC', 'equity', 'US3024913036', 'US3024913036', '2026-06-12T00:00:00.000Z', '2026-06-12T00:00:00.000Z'),
    ('a0000000-0000-4000-8000-000000000026', 'Rapid7', 'equity', 'US7534221046', 'US7534221046', '2026-06-12T00:00:00.000Z', '2026-06-12T00:00:00.000Z'),
    ('a0000000-0000-4000-8000-000000000027', 'Draganfly', 'equity', 'CA26142Q3044', 'CA26142Q3044', '2026-06-12T00:00:00.000Z', '2026-06-12T00:00:00.000Z'),
    ('a0000000-0000-4000-8000-000000000028', 'Coupang', 'equity', 'US22266T1097', 'US22266T1097', '2026-06-12T00:00:00.000Z', '2026-06-12T00:00:00.000Z'),
    ('a0000000-0000-4000-8000-000000000029', 'Hims & Hers Health', 'equity', 'US4330001060', 'US4330001060', '2026-06-12T00:00:00.000Z', '2026-06-12T00:00:00.000Z'),
    ('a0000000-0000-4000-8000-00000000002a', 'Novo Nordisk', 'equity', 'US6701002056', 'US6701002056', '2026-06-12T00:00:00.000Z', '2026-06-12T00:00:00.000Z'),
    ('a0000000-0000-4000-8000-00000000002b', 'Nike', 'equity', 'US6541061031', 'US6541061031', '2026-06-12T00:00:00.000Z', '2026-06-12T00:00:00.000Z'),
    ('a0000000-0000-4000-8000-00000000002c', 'Fiserv', 'equity', 'US3377381088', 'US3377381088', '2026-06-12T00:00:00.000Z', '2026-06-12T00:00:00.000Z'),
    ('a0000000-0000-4000-8000-00000000002d', 'Under Armour', 'equity', 'US9043111072', 'US9043111072', '2026-06-12T00:00:00.000Z', '2026-06-12T00:00:00.000Z'),
    ('a0000000-0000-4000-8000-00000000002e', 'Schlumberger', 'equity', 'AN8068571086', 'AN8068571086', '2026-06-12T00:00:00.000Z', '2026-06-12T00:00:00.000Z'),
    ('a0000000-0000-4000-8000-00000000002f', 'Zalando', 'equity', 'DE000ZAL1111', 'DE000ZAL1111', '2026-06-12T00:00:00.000Z', '2026-06-12T00:00:00.000Z'),
    ('a0000000-0000-4000-8000-000000000030', 'Moderna', 'equity', 'US60770K1079', 'US60770K1079', '2026-06-12T00:00:00.000Z', '2026-06-12T00:00:00.000Z'),
    ('a0000000-0000-4000-8000-000000000031', 'Atlassian', 'equity', 'US0494681010', 'US0494681010', '2026-06-12T00:00:00.000Z', '2026-06-12T00:00:00.000Z'),
    ('a0000000-0000-4000-8000-000000000032', 'Uranium Energy', 'equity', 'US9168961038', 'US9168961038', '2026-06-12T00:00:00.000Z', '2026-06-12T00:00:00.000Z'),
    ('a0000000-0000-4000-8000-000000000033', 'Bayer', 'equity', 'DE000BAY0017', 'DE000BAY0017', '2026-06-12T00:00:00.000Z', '2026-06-12T00:00:00.000Z'),
    ('a0000000-0000-4000-8000-000000000034', 'D-Wave Quantum', 'equity', 'US26740W1099', 'US26740W1099', '2026-06-12T00:00:00.000Z', '2026-06-12T00:00:00.000Z'),
    ('a0000000-0000-4000-8000-000000000035', 'enCore Energy Corp', 'equity', 'CA29259W7008', 'CA29259W7008', '2026-06-12T00:00:00.000Z', '2026-06-12T00:00:00.000Z'),
    ('a0000000-0000-4000-8000-000000000036', 'Netflix', 'equity', 'US64110L1061', 'US64110L1061', '2026-06-12T00:00:00.000Z', '2026-06-12T00:00:00.000Z'),
    ('a0000000-0000-4000-8000-000000000037', 'DroneShield', 'equity', 'AU000000DRO2', 'AU000000DRO2', '2026-06-12T00:00:00.000Z', '2026-06-12T00:00:00.000Z'),
    ('a0000000-0000-4000-8000-000000000038', 'ServiceNow', 'equity', 'US81762P1021', 'US81762P1021', '2026-06-12T00:00:00.000Z', '2026-06-12T00:00:00.000Z'),
    ('a0000000-0000-4000-8000-000000000039', 'Zeta Global Holdings', 'equity', 'US98956A1051', 'US98956A1051', '2026-06-12T00:00:00.000Z', '2026-06-12T00:00:00.000Z'),
    ('a0000000-0000-4000-8000-00000000003a', 'SoFi Technologies', 'equity', 'US83406F1021', 'US83406F1021', '2026-06-12T00:00:00.000Z', '2026-06-12T00:00:00.000Z'),
    ('a0000000-0000-4000-8000-00000000003b', 'Deutz', 'equity', 'DE0006305006', 'DE0006305006', '2026-06-12T00:00:00.000Z', '2026-06-12T00:00:00.000Z'),
    ('a0000000-0000-4000-8000-00000000003c', 'Super Micro Computer', 'equity', 'US86800U3023', 'US86800U3023', '2026-06-12T00:00:00.000Z', '2026-06-12T00:00:00.000Z'),
    ('a0000000-0000-4000-8000-00000000003d', 'PepsiCo', 'equity', 'US7134481081', 'US7134481081', '2026-06-12T00:00:00.000Z', '2026-06-12T00:00:00.000Z'),
    ('a0000000-0000-4000-8000-00000000003e', 'Kraft Heinz', 'equity', 'US5007541064', 'US5007541064', '2026-06-12T00:00:00.000Z', '2026-06-12T00:00:00.000Z'),
    ('a0000000-0000-4000-8000-00000000003f', 'Eckert & Ziegler', 'equity', 'DE0005659700', 'DE0005659700', '2026-06-12T00:00:00.000Z', '2026-06-12T00:00:00.000Z'),
    ('a0000000-0000-4000-8000-000000000040', 'General Mills', 'equity', 'US3703341046', 'US3703341046', '2026-06-12T00:00:00.000Z', '2026-06-12T00:00:00.000Z')
ON CONFLICT DO NOTHING;

INSERT INTO instruments.listings
    (id, instrument_id, exchange_id, symbol, currency, created_at, updated_at)
VALUES
    ('f0000000-0000-4000-8000-000000000000', 'a0000000-0000-4000-8000-000000000000', '30000000-0000-4000-8000-000000000004', '11L', 'EUR', '2026-06-12T00:00:00.000Z', '2026-06-12T00:00:00.000Z'),
    ('f0000000-0000-4000-8000-000000000001', 'a0000000-0000-4000-8000-000000000001', '30000000-0000-4000-8000-000000000004', 'PTX', 'EUR', '2026-06-12T00:00:00.000Z', '2026-06-12T00:00:00.000Z'),
    ('f0000000-0000-4000-8000-000000000002', 'a0000000-0000-4000-8000-000000000002', '30000000-0000-4000-8000-000000000004', '432', 'EUR', '2026-06-12T00:00:00.000Z', '2026-06-12T00:00:00.000Z'),
    ('f0000000-0000-4000-8000-000000000003', 'a0000000-0000-4000-8000-000000000003', '30000000-0000-4000-8000-000000000004', '4LL', 'EUR', '2026-06-12T00:00:00.000Z', '2026-06-12T00:00:00.000Z'),
    ('f0000000-0000-4000-8000-000000000004', 'a0000000-0000-4000-8000-000000000004', '30000000-0000-4000-8000-000000000004', '2HQ0', 'EUR', '2026-06-12T00:00:00.000Z', '2026-06-12T00:00:00.000Z'),
    ('f0000000-0000-4000-8000-000000000005', 'a0000000-0000-4000-8000-000000000005', '30000000-0000-4000-8000-000000000004', '8XP', 'EUR', '2026-06-12T00:00:00.000Z', '2026-06-12T00:00:00.000Z'),
    ('f0000000-0000-4000-8000-000000000006', 'a0000000-0000-4000-8000-000000000006', '30000000-0000-4000-8000-000000000004', 'SBX', 'EUR', '2026-06-12T00:00:00.000Z', '2026-06-12T00:00:00.000Z'),
    ('f0000000-0000-4000-8000-000000000007', 'a0000000-0000-4000-8000-000000000007', '30000000-0000-4000-8000-000000000004', 'J5A', 'EUR', '2026-06-12T00:00:00.000Z', '2026-06-12T00:00:00.000Z'),
    ('f0000000-0000-4000-8000-000000000008', 'a0000000-0000-4000-8000-000000000008', '30000000-0000-4000-8000-000000000004', '2H51', 'EUR', '2026-06-12T00:00:00.000Z', '2026-06-12T00:00:00.000Z'),
    ('f0000000-0000-4000-8000-000000000009', 'a0000000-0000-4000-8000-000000000009', '30000000-0000-4000-8000-000000000004', '0QL0', 'EUR', '2026-06-12T00:00:00.000Z', '2026-06-12T00:00:00.000Z'),
    ('f0000000-0000-4000-8000-00000000000a', 'a0000000-0000-4000-8000-00000000000a', '30000000-0000-4000-8000-000000000004', 'INL', 'EUR', '2026-06-12T00:00:00.000Z', '2026-06-12T00:00:00.000Z'),
    ('f0000000-0000-4000-8000-00000000000b', 'a0000000-0000-4000-8000-00000000000b', '30000000-0000-4000-8000-000000000004', 'AMD', 'EUR', '2026-06-12T00:00:00.000Z', '2026-06-12T00:00:00.000Z'),
    ('f0000000-0000-4000-8000-00000000000c', 'a0000000-0000-4000-8000-00000000000c', '30000000-0000-4000-8000-000000000004', 'MBG', 'EUR', '2026-06-12T00:00:00.000Z', '2026-06-12T00:00:00.000Z'),
    ('f0000000-0000-4000-8000-00000000000d', 'a0000000-0000-4000-8000-00000000000d', '30000000-0000-4000-8000-000000000004', 'IS3N', 'EUR', '2026-06-12T00:00:00.000Z', '2026-06-12T00:00:00.000Z'),
    ('f0000000-0000-4000-8000-00000000000e', 'a0000000-0000-4000-8000-00000000000e', '30000000-0000-4000-8000-000000000004', 'EUNL', 'EUR', '2026-06-12T00:00:00.000Z', '2026-06-12T00:00:00.000Z'),
    ('f0000000-0000-4000-8000-00000000000f', 'a0000000-0000-4000-8000-00000000000f', '30000000-0000-4000-8000-000000000004', '690D', 'EUR', '2026-06-12T00:00:00.000Z', '2026-06-12T00:00:00.000Z'),
    ('f0000000-0000-4000-8000-000000000010', 'a0000000-0000-4000-8000-000000000010', '30000000-0000-4000-8000-000000000004', '2PP', 'EUR', '2026-06-12T00:00:00.000Z', '2026-06-12T00:00:00.000Z'),
    ('f0000000-0000-4000-8000-000000000011', 'a0000000-0000-4000-8000-000000000011', '30000000-0000-4000-8000-000000000004', 'BY6', 'EUR', '2026-06-12T00:00:00.000Z', '2026-06-12T00:00:00.000Z'),
    ('f0000000-0000-4000-8000-000000000012', 'a0000000-0000-4000-8000-000000000012', '30000000-0000-4000-8000-000000000004', 'CYTH', 'EUR', '2026-06-12T00:00:00.000Z', '2026-06-12T00:00:00.000Z'),
    ('f0000000-0000-4000-8000-000000000013', 'a0000000-0000-4000-8000-000000000013', '30000000-0000-4000-8000-000000000004', 'PRP', 'EUR', '2026-06-12T00:00:00.000Z', '2026-06-12T00:00:00.000Z'),
    ('f0000000-0000-4000-8000-000000000014', 'a0000000-0000-4000-8000-000000000014', '30000000-0000-4000-8000-000000000004', 'TT8', 'EUR', '2026-06-12T00:00:00.000Z', '2026-06-12T00:00:00.000Z'),
    ('f0000000-0000-4000-8000-000000000015', 'a0000000-0000-4000-8000-000000000015', '30000000-0000-4000-8000-000000000004', 'NOA3', 'EUR', '2026-06-12T00:00:00.000Z', '2026-06-12T00:00:00.000Z'),
    ('f0000000-0000-4000-8000-000000000016', 'a0000000-0000-4000-8000-000000000016', '30000000-0000-4000-8000-000000000004', 'F8P', 'EUR', '2026-06-12T00:00:00.000Z', '2026-06-12T00:00:00.000Z'),
    ('f0000000-0000-4000-8000-000000000017', 'a0000000-0000-4000-8000-000000000017', '30000000-0000-4000-8000-000000000004', 'A6I', 'EUR', '2026-06-12T00:00:00.000Z', '2026-06-12T00:00:00.000Z'),
    ('f0000000-0000-4000-8000-000000000018', 'a0000000-0000-4000-8000-000000000018', '30000000-0000-4000-8000-000000000004', '1KN', 'EUR', '2026-06-12T00:00:00.000Z', '2026-06-12T00:00:00.000Z'),
    ('f0000000-0000-4000-8000-000000000019', 'a0000000-0000-4000-8000-000000000019', '30000000-0000-4000-8000-000000000004', '25M', 'EUR', '2026-06-12T00:00:00.000Z', '2026-06-12T00:00:00.000Z'),
    ('f0000000-0000-4000-8000-00000000001a', 'a0000000-0000-4000-8000-00000000001a', '30000000-0000-4000-8000-000000000004', '5MU', 'EUR', '2026-06-12T00:00:00.000Z', '2026-06-12T00:00:00.000Z'),
    ('f0000000-0000-4000-8000-00000000001b', 'a0000000-0000-4000-8000-00000000001b', '30000000-0000-4000-8000-000000000004', 'UEN', 'EUR', '2026-06-12T00:00:00.000Z', '2026-06-12T00:00:00.000Z'),
    ('f0000000-0000-4000-8000-00000000001c', 'a0000000-0000-4000-8000-00000000001c', '30000000-0000-4000-8000-000000000004', 'PUM', 'EUR', '2026-06-12T00:00:00.000Z', '2026-06-12T00:00:00.000Z'),
    ('f0000000-0000-4000-8000-00000000001d', 'a0000000-0000-4000-8000-00000000001d', '30000000-0000-4000-8000-000000000004', 'OD7C', 'EUR', '2026-06-12T00:00:00.000Z', '2026-06-12T00:00:00.000Z'),
    ('f0000000-0000-4000-8000-00000000001e', 'a0000000-0000-4000-8000-00000000001e', '30000000-0000-4000-8000-000000000004', 'US3', 'EUR', '2026-06-12T00:00:00.000Z', '2026-06-12T00:00:00.000Z'),
    ('f0000000-0000-4000-8000-00000000001f', 'a0000000-0000-4000-8000-00000000001f', '30000000-0000-4000-8000-000000000004', '1S2', 'EUR', '2026-06-12T00:00:00.000Z', '2026-06-12T00:00:00.000Z'),
    ('f0000000-0000-4000-8000-000000000020', 'a0000000-0000-4000-8000-000000000020', '30000000-0000-4000-8000-000000000004', 'MP2', 'EUR', '2026-06-12T00:00:00.000Z', '2026-06-12T00:00:00.000Z'),
    ('f0000000-0000-4000-8000-000000000021', 'a0000000-0000-4000-8000-000000000021', '30000000-0000-4000-8000-000000000004', '26CA', 'EUR', '2026-06-12T00:00:00.000Z', '2026-06-12T00:00:00.000Z'),
    ('f0000000-0000-4000-8000-000000000022', 'a0000000-0000-4000-8000-000000000022', '30000000-0000-4000-8000-000000000004', 'YDX', 'EUR', '2026-06-12T00:00:00.000Z', '2026-06-12T00:00:00.000Z'),
    ('f0000000-0000-4000-8000-000000000023', 'a0000000-0000-4000-8000-000000000023', '30000000-0000-4000-8000-000000000004', 'AFX', 'EUR', '2026-06-12T00:00:00.000Z', '2026-06-12T00:00:00.000Z'),
    ('f0000000-0000-4000-8000-000000000024', 'a0000000-0000-4000-8000-000000000024', '30000000-0000-4000-8000-000000000004', '7PV', 'EUR', '2026-06-12T00:00:00.000Z', '2026-06-12T00:00:00.000Z'),
    ('f0000000-0000-4000-8000-000000000025', 'a0000000-0000-4000-8000-000000000025', '30000000-0000-4000-8000-000000000004', 'FMQ', 'EUR', '2026-06-12T00:00:00.000Z', '2026-06-12T00:00:00.000Z'),
    ('f0000000-0000-4000-8000-000000000026', 'a0000000-0000-4000-8000-000000000026', '30000000-0000-4000-8000-000000000004', 'R7D', 'EUR', '2026-06-12T00:00:00.000Z', '2026-06-12T00:00:00.000Z'),
    ('f0000000-0000-4000-8000-000000000027', 'a0000000-0000-4000-8000-000000000027', '30000000-0000-4000-8000-000000000004', '3U8', 'EUR', '2026-06-12T00:00:00.000Z', '2026-06-12T00:00:00.000Z'),
    ('f0000000-0000-4000-8000-000000000028', 'a0000000-0000-4000-8000-000000000028', '30000000-0000-4000-8000-000000000004', '788', 'EUR', '2026-06-12T00:00:00.000Z', '2026-06-12T00:00:00.000Z'),
    ('f0000000-0000-4000-8000-000000000029', 'a0000000-0000-4000-8000-000000000029', '30000000-0000-4000-8000-000000000004', '82W', 'EUR', '2026-06-12T00:00:00.000Z', '2026-06-12T00:00:00.000Z'),
    ('f0000000-0000-4000-8000-00000000002a', 'a0000000-0000-4000-8000-00000000002a', '30000000-0000-4000-8000-000000000004', 'NOVA', 'EUR', '2026-06-12T00:00:00.000Z', '2026-06-12T00:00:00.000Z'),
    ('f0000000-0000-4000-8000-00000000002b', 'a0000000-0000-4000-8000-00000000002b', '30000000-0000-4000-8000-000000000004', 'NKE', 'EUR', '2026-06-12T00:00:00.000Z', '2026-06-12T00:00:00.000Z'),
    ('f0000000-0000-4000-8000-00000000002c', 'a0000000-0000-4000-8000-00000000002c', '30000000-0000-4000-8000-000000000004', 'FIV', 'EUR', '2026-06-12T00:00:00.000Z', '2026-06-12T00:00:00.000Z'),
    ('f0000000-0000-4000-8000-00000000002d', 'a0000000-0000-4000-8000-00000000002d', '30000000-0000-4000-8000-000000000004', 'U9R', 'EUR', '2026-06-12T00:00:00.000Z', '2026-06-12T00:00:00.000Z'),
    ('f0000000-0000-4000-8000-00000000002e', 'a0000000-0000-4000-8000-00000000002e', '30000000-0000-4000-8000-000000000004', 'SCL', 'EUR', '2026-06-12T00:00:00.000Z', '2026-06-12T00:00:00.000Z'),
    ('f0000000-0000-4000-8000-00000000002f', 'a0000000-0000-4000-8000-00000000002f', '30000000-0000-4000-8000-000000000004', 'ZAL', 'EUR', '2026-06-12T00:00:00.000Z', '2026-06-12T00:00:00.000Z'),
    ('f0000000-0000-4000-8000-000000000030', 'a0000000-0000-4000-8000-000000000030', '30000000-0000-4000-8000-000000000004', '0QF', 'EUR', '2026-06-12T00:00:00.000Z', '2026-06-12T00:00:00.000Z'),
    ('f0000000-0000-4000-8000-000000000031', 'a0000000-0000-4000-8000-000000000031', '30000000-0000-4000-8000-000000000004', '48D', 'EUR', '2026-06-12T00:00:00.000Z', '2026-06-12T00:00:00.000Z'),
    ('f0000000-0000-4000-8000-000000000032', 'a0000000-0000-4000-8000-000000000032', '30000000-0000-4000-8000-000000000004', 'U6Z', 'EUR', '2026-06-12T00:00:00.000Z', '2026-06-12T00:00:00.000Z'),
    ('f0000000-0000-4000-8000-000000000033', 'a0000000-0000-4000-8000-000000000033', '30000000-0000-4000-8000-000000000004', 'BAYN', 'EUR', '2026-06-12T00:00:00.000Z', '2026-06-12T00:00:00.000Z'),
    ('f0000000-0000-4000-8000-000000000034', 'a0000000-0000-4000-8000-000000000034', '30000000-0000-4000-8000-000000000004', 'RQ0', 'EUR', '2026-06-12T00:00:00.000Z', '2026-06-12T00:00:00.000Z'),
    ('f0000000-0000-4000-8000-000000000035', 'a0000000-0000-4000-8000-000000000035', '30000000-0000-4000-8000-000000000004', '6TU', 'EUR', '2026-06-12T00:00:00.000Z', '2026-06-12T00:00:00.000Z'),
    ('f0000000-0000-4000-8000-000000000036', 'a0000000-0000-4000-8000-000000000036', '30000000-0000-4000-8000-000000000004', 'NFC', 'EUR', '2026-06-12T00:00:00.000Z', '2026-06-12T00:00:00.000Z'),
    ('f0000000-0000-4000-8000-000000000037', 'a0000000-0000-4000-8000-000000000037', '30000000-0000-4000-8000-000000000004', 'DRH', 'EUR', '2026-06-12T00:00:00.000Z', '2026-06-12T00:00:00.000Z'),
    ('f0000000-0000-4000-8000-000000000038', 'a0000000-0000-4000-8000-000000000038', '30000000-0000-4000-8000-000000000004', '4S0', 'EUR', '2026-06-12T00:00:00.000Z', '2026-06-12T00:00:00.000Z'),
    ('f0000000-0000-4000-8000-000000000039', 'a0000000-0000-4000-8000-000000000039', '30000000-0000-4000-8000-000000000004', '8EO', 'EUR', '2026-06-12T00:00:00.000Z', '2026-06-12T00:00:00.000Z'),
    ('f0000000-0000-4000-8000-00000000003a', 'a0000000-0000-4000-8000-00000000003a', '30000000-0000-4000-8000-000000000004', '6B0', 'EUR', '2026-06-12T00:00:00.000Z', '2026-06-12T00:00:00.000Z'),
    ('f0000000-0000-4000-8000-00000000003b', 'a0000000-0000-4000-8000-00000000003b', '30000000-0000-4000-8000-000000000004', 'DEZ', 'EUR', '2026-06-12T00:00:00.000Z', '2026-06-12T00:00:00.000Z'),
    ('f0000000-0000-4000-8000-00000000003c', 'a0000000-0000-4000-8000-00000000003c', '30000000-0000-4000-8000-000000000004', 'MS51', 'EUR', '2026-06-12T00:00:00.000Z', '2026-06-12T00:00:00.000Z'),
    ('f0000000-0000-4000-8000-00000000003d', 'a0000000-0000-4000-8000-00000000003d', '30000000-0000-4000-8000-000000000004', 'PEP', 'EUR', '2026-06-12T00:00:00.000Z', '2026-06-12T00:00:00.000Z'),
    ('f0000000-0000-4000-8000-00000000003e', 'a0000000-0000-4000-8000-00000000003e', '30000000-0000-4000-8000-000000000004', 'KHNZ', 'EUR', '2026-06-12T00:00:00.000Z', '2026-06-12T00:00:00.000Z'),
    ('f0000000-0000-4000-8000-00000000003f', 'a0000000-0000-4000-8000-00000000003f', '30000000-0000-4000-8000-000000000004', 'EUZ', 'EUR', '2026-06-12T00:00:00.000Z', '2026-06-12T00:00:00.000Z'),
    ('f0000000-0000-4000-8000-000000000040', 'a0000000-0000-4000-8000-000000000040', '30000000-0000-4000-8000-000000000004', 'GRM', 'EUR', '2026-06-12T00:00:00.000Z', '2026-06-12T00:00:00.000Z')
ON CONFLICT DO NOTHING;

-- Provider symbols (Yahoo etc.) are intentionally NOT seeded. The original
-- sample tickers were exchange-bare and produced wrong quotes. Set the correct
-- Yahoo symbol per listing via the position's "Instrument & data" panel (PATCH
-- /listings); the market refresh only fetches a quote once a provider symbol
-- exists, so unmapped listings are simply skipped until corrected.

-- Crypto-only additions extracted from the CSV transaction export.
-- Add to 001_identity_instruments.sql after the existing stock/ETF instrument/listing seeds.

INSERT INTO instruments.instruments
    (id, name, asset_type, isin, underlying_identifier, created_at, updated_at)
VALUES
    ('a0000000-0000-4000-8000-000000000041', 'Bitcoin', 'crypto', NULL, 'crypto:BTC', '2026-06-12T00:00:00.000Z', '2026-06-12T00:00:00.000Z'),
    ('a0000000-0000-4000-8000-000000000042', 'Ethereum', 'crypto', NULL, 'crypto:ETH', '2026-06-12T00:00:00.000Z', '2026-06-12T00:00:00.000Z')
ON CONFLICT DO NOTHING;

INSERT INTO instruments.listings
    (id, instrument_id, exchange_id, symbol, currency, created_at, updated_at)
VALUES
    ('f0000000-0000-4000-8000-000000000041', 'a0000000-0000-4000-8000-000000000041', NULL, 'BTC', 'EUR', '2026-06-12T00:00:00.000Z', '2026-06-12T00:00:00.000Z'),
    ('f0000000-0000-4000-8000-000000000042', 'a0000000-0000-4000-8000-000000000042', NULL, 'ETH', 'EUR', '2026-06-12T00:00:00.000Z', '2026-06-12T00:00:00.000Z')
ON CONFLICT DO NOTHING;

INSERT INTO instruments.listing_provider_identifiers
    (listing_id, provider, provider_identifier)
VALUES
    ('f0000000-0000-4000-8000-000000000041', 'yahoo', 'BTC'),
    ('f0000000-0000-4000-8000-000000000042', 'yahoo', 'ETH')
ON CONFLICT DO NOTHING;
